sample;sampleID;captureID;specimen;animal;sample_type;species;order;development;sampling_areaEHI;sampling_date;country;geographic_location;latitude;longitude;n_extractions;n_libraries;n_indexed_libraries;n_sequenced_datasets;host_data;metagenomic_data;n_MAGs;sex;bm;repro;sampling_site;area_type;macroarea;metapop;index200;index500;x;y;month;year;season;singlem_fraction;reads_post_fastp;host_reads;reads_lost_fastp_percent;metagenomic_bases;host_bases;bases_lost_fastp_percent;diversity;C
EHI00404;AAA17;SD0034401;SD00344;5608;Faecal;Sciurus carolinensis;Rodentia;Pregnant;Piobesi;2020-10-12;Italy;Piedmont, Piobesi;44.94;7.59;1;1;1;1;0.091;2.061;729;F;600;lactating;Piobesi;rural;PIO;PR;0.2;0.188;7.593432;44.937589;10;2020;autumn;0.7108;14706832;618028;0.015179150782368;2061009864;91305707;0.0391562015002948;19.4266916008715;0.724026113939847
EHI02036;AAA50;SD0037301;SD00373;5655;Faecal;Sciurus carolinensis;Rodentia;Adult;RS;2020-10-13;Italy;Piedmont, RS;44.95;7.6;1;1;1;1;0.325;6.139;0;F;470;nonbreeding;RS;suburban;RS;PR;0.2;0.224;7.594981;44.950145;10;2020;autumn;0.7015;44950742;2493734;0.0777989222878596;6138747407;324567704;0.115998847366841;18.9309570682132;0.849089965230377
EHI01455;AAA52;SD0035901;SD00359;5638;Faecal;Sciurus carolinensis;Rodentia;Adult;Piobesi;2020-10-12;Italy;Piedmont, Piobesi;44.94;7.59;1;1;1;1;0.141;4.547;560;F;565;nonbreeding;Piobesi;rural;PIO;PR;0.2;0.188;7.593432;44.937589;10;2020;autumn;0.7488;31565740;946758;0.0489193216858184;4547029497;141106098;0.0583049467087926;19.3733688411027;0.825508543596707
EHI01551;AAA54;SD0034601;SD00346;5610;Faecal;Sciurus carolinensis;Rodentia;Juvenile;RS;2020-10-12;Italy;Piedmont, RS;44.95;7.6;1;1;1;1;0.12;3.655;268;M;335;nonbreeding;RS;suburban;RS;PR;0.2;0.224;7.594981;44.950145;10;2020;autumn;0.7317;25771154;879508;0.0355228317488223;3655412429;120351562;0.0579549620932911;18.7248810017879;0.889566322617312
EHI00398;AAA55;SD0034101;SD00341;5604;Faecal;Sciurus carolinensis;Rodentia;Adult;Piobesi;2020-10-12;Italy;Piedmont, Piobesi;44.94;7.59;1;1;1;1;0.155;2.006;719;F;545;nonbreeding;Piobesi;rural;PIO;PR;0.2;0.188;7.593432;44.937589;10;2020;autumn;0.6751;14905282;1072460;0.0192304832532744;2006263064;155341452;0.0517742562424695;19.3376591581372;0.724638570160751
EHI00276;AAA57;SD0036601;SD00366;5646;Faecal;Sciurus carolinensis;Rodentia;Adult;RS;2020-10-12;Italy;Piedmont, RS;44.95;7.6;1;1;1;1;0.112;2.644;298;M;600;nonbreeding;RS;suburban;RS;PR;0.2;0.224;7.594981;44.950145;10;2020;autumn;0.7498;18754970;772424;0.0669518234939668;2643618639;111939479;0.0860845677150122;18.8010486675437;0.824056473971687
EHI01526;AAA66;SD0036301;SD00363;5642;Faecal;Sciurus carolinensis;Rodentia;Adult;RS;2020-10-12;Italy;Piedmont, RS;44.95;7.6;1;1;1;1;0.174;4.599;289;F;495;nonbreeding;RS;suburban;RS;PR;0.2;0.224;7.594981;44.950145;10;2020;autumn;0.766;32147464;1170735;0.0297114620187336;4598882145;173574448;0.0397044631159655;18.6855982321568;0.899948938063171
EHI00408;AAA67;SD0034301;SD00343;5607;Faecal;Sciurus carolinensis;Rodentia;Adult;Piobesi;2020-10-12;Italy;Piedmont, Piobesi;44.94;7.59;1;1;1;1;0.181;3.102;737;F;550;nonbreeding;Piobesi;rural;PIO;PR;0.2;0.188;7.593432;44.937589;10;2020;autumn;0.7108;22417552;1232906;0.014325151866343;3102053492;181491292;0.0375078996703828;19.3224820046976;0.790946583699608
EHI02003;AAA74;SD0046301;SD00463;5985;Faecal;Sciurus carolinensis;Rodentia;Adult;AddaNord;2020-11-10;Italy;Lombardy, AddaNord;45.56;9.53;1;1;1;1;0.515;4.071;0;F;630;nonbreeding;C03-02;rural;AN;AN;0.13;0.146;9.524899;45.563423;11;2020;autumn;0.6858;31370794;3463016;0.0391381560005636;4070643032;514715809;0.0636946472436797;19.2729985181846;0.790965273363592
EHI01557;AAA80;SD0034001;SD00340;5601;Faecal;Sciurus carolinensis;Rodentia;Adult;RS;2020-10-13;Italy;Piedmont, RS;44.95;7.6;1;1;1;1;0.075;4.654;277;F;525;nonbreeding;RS;suburban;RS;PR;0.2;0.224;7.594981;44.950145;10;2020;autumn;0.7578;32013626;529813;0.0422914600741502;4654266459;75416642;0.056722930631543;18.7114712307478;0.892440226346709
EHI01461;AAA86;SD0029801;SD00298;4386;Faecal;Sciurus vulgaris;Rodentia;Adult;Golasecca;2020-10-27;Italy;Lombardy, Golasecca;45.69;8.66;1;1;1;1;3.719;1.338;295;M;310;nonbreeding;GS;rural;GS;GS;0.0635;0.0985;8.65614;45.687981;10;2020;autumn;0.6917;34087750;24879732;0.0181562355082795;1338362043;3718641261;0.0289400813984636;17.5461986373375;0.893336410616511
EHI00417;AAA89;SD0034201;SD00342;5605;Faecal;Sciurus carolinensis;Rodentia;Adult;Piobesi;2020-10-12;Italy;Piedmont, Piobesi;44.94;7.59;1;1;1;1;0.102;3.519;730;M;530;nonbreeding;Piobesi;rural;PIO;PR;0.2;0.188;7.593432;44.937589;10;2020;autumn;0.6662;24981814;708804;0.0174257006724914;3518719755;102061795;0.0505928580662128;19.3730070361146;0.81030569149463
EHI00385;AAB02;SD0039101;SD00391;5675;Faecal;Sciurus carolinensis;Rodentia;Adult;commande;2020-10-28;Italy;Piedmont, commande;44.84;7.77;1;1;1;1;0.113;3.881;414;F;520;nonbreeding;commande;suburban;COM;COM;0.2;0.2;7.766891;44.838837;10;2020;autumn;0.6954;27273918;766208;0.0916005404450139;3880580385;112669950;0.113324692066179;19.2154681449264;0.827946736323244
EHI01492;AAB06;SD0038501;SD00385;5668;Faecal;Sciurus vulgaris;Rodentia;Adult;Golasecca;2020-10-19;Italy;Lombardy, Golasecca;45.69;8.66;1;1;1;1;1.135;3.307;295;F;280;nonbreeding;GS;rural;GS;GS;0.0635;0.0985;8.65614;45.687981;10;2020;autumn;0.6175;29890270;7598159;0.0398700556645485;3307414206;1135336149;0.0486050809527744;14.5653844738924;0.99196184595033
EHI00377;AAB12;SD0042001;SD00420;5771;Faecal;Sciurus carolinensis;Rodentia;Adult;commande;2020-10-28;Italy;Piedmont, commande;44.84;7.77;1;1;1;1;0.063;3.572;414;F;410;nonbreeding;commande;suburban;COM;COM;0.2;0.2;7.766891;44.838837;10;2020;autumn;0.6541;24803844;422792;0.0976956171027408;3571772990;63161926;0.118465211480102;19.1432119265046;0.852505381231261
EHI00414;AAB20;SD0037001;SD00370;5651;Faecal;Sciurus carolinensis;Rodentia;Adult;commande;2020-10-28;Italy;Piedmont, commande;44.84;7.77;1;1;1;1;0.063;2.518;406;F;590;nonbreeding;commande;suburban;COM;COM;0.2;0.2;7.766891;44.838837;10;2020;autumn;0.6759;17720486;427684;0.0126351376801307;2517961830;62575333;0.0414364780376034;19.3966272848134;0.761073576555171
EHI01480;AAB24;SD0044101;SD00441;5941;Faecal;Sciurus carolinensis;Rodentia;Adult;AddaNord;2020-11-10;Italy;Lombardy, AddaNord;45.57;9.53;1;1;1;1;0.606;25.019;539;M;530;nonbreeding;C03-03;urban;AN2;AN;0.59;0.631;9.529524;45.573628;11;2020;autumn;0.7421;172977692;4165312;0.0313045465474848;25018898098;605861753;0.0433221734558985;18.7383274104424;0.972522363853154
EHI01459;AAB38;SD0042101;SD00421;5772;Faecal;Sciurus carolinensis;Rodentia;Adult;commande;2020-10-28;Italy;Piedmont, commande;44.84;7.77;1;1;1;1;0.029;1.507;247;M;560;nonbreeding;commande;suburban;COM;COM;0.2;0.2;7.766891;44.838837;10;2020;autumn;0.7369;10359376;198176;0.0349416868446804;1507364232;29231598;0.0456924691852106;18.9435275601774;0.749426192150498
EHI01549;AAB39;SD0044001;SD00440;5939;Faecal;Sciurus carolinensis;Rodentia;Adult;AddaNord;2020-11-11;Italy;Lombardy, AddaNord;45.56;9.53;1;1;1;1;0.454;5.616;462;M;580;breeding;C03-02;rural;AN;AN;0.13;0.146;9.524899;45.563423;11;2020;autumn;0.7739;40801042;3021353;0.0348101953044809;5616181142;453750722;0.0427309266057032;18.7524641259123;0.915925818857137
EHI00402;AAB49;SD0037101;SD00371;5653;Faecal;Sciurus carolinensis;Rodentia;Adult;commande;2020-10-28;Italy;Piedmont, commande;44.84;7.77;1;1;1;1;0.02;2.459;401;F;535;nonbreeding;commande;suburban;COM;COM;0.2;0.2;7.766891;44.838837;10;2020;autumn;0.6483;17202422;150184;0.0697668558307024;2458908797;20056378;0.106321358303909;19.5512478414595;0.744503103144722
EHI02019;AAB61;SD0044801;SD00448;5963;Faecal;Sciurus carolinensis;Rodentia;Adult;AddaNord;2020-11-10;Italy;Lombardy, AddaNord;45.56;9.52;1;1;1;1;0.509;4.046;0;M;570;breeding;C03-01;rural;AN;AN;0.13;0.146;9.524899;45.563423;11;2020;autumn;0.6618;31201950;3504670;0.0641229478428722;4046113317;509148324;0.0891242723860698;19.2742791773795;0.793478655575361
EHI01514;AAU49;SD0043902;SD00439;5937;Faecal;Sciurus carolinensis;Rodentia;Adult;AddaNord;2021-01-12;Italy;Lombardy, AddaNord;45.57;9.53;1;1;1;1;0.051;5.566;466;F;510;nonbreeding;C03-03;urban;AN2;AN;0.59;0.631;9.529524;45.573628;1;2021;winter;0.7488;37750280;343846;0.0424661465465903;5566217953;51428097;0.0500580358443565;18.5137833880393;0.910689194740065
EHI02273;AAU51;SD0043202;SD00432;5913;Faecal;Sciurus vulgaris;Rodentia;Adult;AddaNord;2021-01-12;Italy;Lombardy, AddaNord;45.56;9.52;1;1;1;1;1.556;2.569;0;M;320;nonbreeding;C03-01;rural;AN;AN;0.13;0.146;9.524899;45.563423;1;2021;winter;0.6533;29322268;11393584;0.0576443109965175;2569314139;1555723473;0.116200092702802;19.0584514614104;0.767476707527543
EHI01510;AAU57;SD0043901;SD00439;5937;Faecal;Sciurus carolinensis;Rodentia;Nursing;AddaNord;2020-11-11;Italy;Lombardy, AddaNord;45.57;9.53;1;1;1;1;0.071;6.634;480;F;550;lactating;C03-03;urban;AN2;AN;0.59;0.631;9.529524;45.573628;11;2020;autumn;0.7152;45134082;485023;0.036632940271863;6634217386;71054228;0.0458595791006717;19.3611837429673;0.871415524791451
EHI01475;AAU62;SD0043601;SD00436;5933;Faecal;Sciurus carolinensis;Rodentia;Adult;AddaNord;2020-11-11;Italy;Lombardy, AddaNord;45.56;9.53;1;1;1;1;0.055;5.589;473;F;550;nonbreeding;C03-02;rural;AN;AN;0.13;0.146;9.524899;45.563423;11;2020;autumn;0.7316;38046140;369919;0.0295298249237026;5588756801;54698816;0.0403222051496238;18.9279259371956;0.904120975629594
EHI01456;AAU78;SD0044102;SD00441;5941;Faecal;Sciurus carolinensis;Rodentia;Adult;AddaNord;2021-01-12;Italy;Lombardy, AddaNord;45.57;9.53;1;1;1;1;0.004;2.094;450;M;530;breeding;C03-03;urban;AN2;AN;0.59;0.631;9.529524;45.573628;1;2021;winter;0.7577;14111124;27791;0.0694348127371895;2093598492;4121604;0.0777652704069022;18.640650260425;0.825545772994242
EHI01469;AAU79;SD0043602;SD00436;5933;Faecal;Sciurus carolinensis;Rodentia;Adult;AddaNord;2021-01-12;Italy;Lombardy, AddaNord;45.56;9.52;1;1;1;1;0.08;4.621;465;F;520;nonbreeding;C03-02;rural;AN;AN;0.13;0.146;9.524899;45.563423;1;2021;winter;0.7176;31713516;529931;0.0306131500552682;4621358927;79638123;0.0420310124976415;19.0841016510394;0.852904381198642
EHI01491;AAU87;SD0034002;SD00340;5601;Faecal;Sciurus carolinensis;Rodentia;Adult;RS;2020-12-09;Italy;Piedmont, RS;44.95;7.6;1;1;1;1;0.059;4.092;278;F;560;nonbreeding;RS;suburban;RS;PR;0.2;0.224;7.594981;44.950145;12;2020;winter;0.719;27957998;391726;0.0664877284430705;4091704026;58623019;0.0761424268213319;19.1912285159414;0.851048418345882
EHI02027;AAU88;SD0037302;SD00373;5655;Faecal;Sciurus carolinensis;Rodentia;Adult;RS;2020-12-09;Italy;Piedmont, RS;44.95;7.6;1;1;1;1;0.134;2.42;0;F;450;nonbreeding;RS;suburban;RS;PR;0.2;0.224;7.594981;44.950145;12;2020;winter;0.6566;17711126;908793;0.143491169186445;2420006655;133609578;0.176715301604447;19.5356678588273;0.705487884353146
EHI00169;AAU91;SD0034202;SD00342;5605;Faecal;Sciurus carolinensis;Rodentia;Adult;Piobesi;2020-12-09;Italy;Piedmont, Piobesi;44.94;7.59;1;1;1;1;0.261;3.252;732;M;580;nonbreeding;Piobesi;rural;PIO;PR;0.2;0.188;7.593432;44.937589;12;2020;winter;0.6859;24502860;1777338;0.0232658814375211;3251892132;260619106;0.0665607829756113;19.2481109614039;0.785683789205491
EHI01503;AAU92;SD0035602;SD00356;5635;Faecal;Sciurus carolinensis;Rodentia;Adult;RS;2020-12-09;Italy;Piedmont, RS;44.95;7.6;1;1;1;1;0.306;6.367;302;M;530;nonbreeding;RS;suburban;RS;PR;0.2;0.224;7.594981;44.950145;12;2020;winter;0.7619;45244794;2089881;0.0505111880489568;6367242869;305856304;0.0664070646738188;18.741454934635;0.926878616266621
EHI01505;AAV04;SD0034602;SD00346;5610;Faecal;Sciurus carolinensis;Rodentia;Juvenile;RS;2020-12-10;Italy;Piedmont, RS;44.95;7.6;1;1;1;1;0.072;3.894;287;M;425;nonbreeding;RS;suburban;RS;PR;0.2;0.224;7.594981;44.950145;12;2020;winter;0.7391;26697514;488276;0.0525934139387628;3894340935;71847722;0.0616871031005176;19.1381744610034;0.858154703430738
EHI01482;AAV05;SD0034102;SD00341;5604;Faecal;Sciurus carolinensis;Rodentia;Adult;Piobesi;2020-12-10;Italy;Piedmont, Piobesi;44.94;7.59;1;1;1;1;0.203;2.416;542;F;550;nonbreeding;Piobesi;rural;PIO;PR;0.2;0.188;7.593432;44.937589;12;2020;winter;0.7034;17716754;1373376;0.026459331184704;2416450119;203365762;0.04026915052209;19.6338864785633;0.722471198653093
EHI01465;AAV06;SD0034303;SD00343;5607;Faecal;Sciurus carolinensis;Rodentia;Adult;Piobesi;2020-12-10;Italy;Piedmont, Piobesi;44.94;7.59;1;1;1;1;0.18;5.082;557;F;500;nonbreeding;Piobesi;rural;PIO;PR;0.2;0.188;7.593432;44.937589;12;2020;winter;0.728;35418064;1210793;0.0239389440712899;5082289912;179509669;0.0332922290508587;19.1150755546911;0.857691015819323
EHI01467;AAV18;SD0034402;SD00344;5608;Faecal;Sciurus carolinensis;Rodentia;Adult;Piobesi;2020-12-10;Italy;Piedmont, Piobesi;44.94;7.59;1;1;1;1;0.582;23.239;655;F;630;NA;Piobesi;rural;PIO;PR;0.2;0.188;7.593432;44.937589;12;2020;winter;0.7615;160412922;3885521;0.0210090523247307;23238747946;581850934;0.0308282574341212;19.2980266421077;0.950621810560096
EHI01453;AAV28;SD0037002;SD00370;5651;Faecal;Sciurus carolinensis;Rodentia;Adult;commande;2020-12-21;Italy;Piedmont, commande;44.84;7.77;1;1;1;1;0.011;4.205;269;F;620;nonbreeding;commande;suburban;COM;COM;0.2;0.2;7.766891;44.838837;12;2020;winter;0.7719;28183752;72078;0.0236360178382687;4205472766;11051579;0.0261853708320818;18.838723276599;0.87575752809047
EHI01502;AAV31;SD0036302;SD00363;5642;Faecal;Sciurus carolinensis;Rodentia;Adult;RS;2020-12-11;Italy;Piedmont, RS;44.95;7.6;1;1;1;1;0.025;3.965;280;F;500;nonbreeding;RS;suburban;RS;PR;0.2;0.224;7.594981;44.950145;12;2020;winter;0.7619;26860592;165538;0.078260480455229;3965215698;24941583;0.087166891159855;18.9046279992814;0.865829959381404
EHI01556;AAV32;SD0039102;SD00391;5675;Faecal;Sciurus carolinensis;Rodentia;Adult;commande;2020-12-21;Italy;Piedmont, commande;44.84;7.77;1;1;1;1;0.047;7.5;280;F;565;nonbreeding;commande;suburban;COM;COM;0.2;0.2;7.766891;44.838837;12;2020;winter;0.728;51025578;324741;0.0506254191201745;7499677064;47402450;0.063867478323588;19.0709338599863;0.917031787549775
EHI01463;AAV34;SD0035903;SD00359;5638;Faecal;Sciurus carolinensis;Rodentia;Adult;Piobesi;2020-12-11;Italy;Piedmont, Piobesi;44.94;7.59;1;1;1;1;0.374;6.144;576;F;550;nonbreeding;Piobesi;rural;PIO;PR;0.2;0.188;7.593432;44.937589;12;2020;winter;0.7415;43996750;2520017;0.0256022864956839;6143774948;373828587;0.0376958931388268;19.5237903157582;0.841521327290311
EHI00161;AAV40;SD0042102;SD00421;5772;Faecal;Sciurus carolinensis;Rodentia;Adult;commande;2020-12-22;Italy;Piedmont, commande;44.84;7.77;1;1;1;1;0.043;2.987;410;M;565;nonbreeding;commande;suburban;COM;COM;0.2;0.2;7.766891;44.838837;12;2020;winter;0.6824;21363430;350322;0.0484725403245239;2987437558;42648626;0.100266137270005;19.339269477016;0.790376529011625
EHI01554;AAV49;SD0045301;SD00453;5971;Faecal;Sciurus vulgaris;Rodentia;Adult;Calusco;2021-02-22;Italy;Lombardy, Calusco;45.68;9.46;1;1;1;1;0.87;2.512;301;F;270;nonbreeding;C03-18;rural;CAL;CAL;0.047;0.227;9.460459;45.680513;2;2021;winter;0.7388;23035728;5904427;0.048856942612893;2512154268;870101896;0.0689797261328581;18.18333557117;0.880800600918858
EHI02002;AAV53;SD0043801;SD00438;5936;Faecal;Sciurus carolinensis;Rodentia;Adult;AddaNord;2021-01-12;Italy;Lombardy, AddaNord;45.56;9.52;1;1;1;1;0.242;4.762;0;F;510;nonbreeding;C03-01;rural;AN;AN;0.13;0.146;9.524899;45.563423;1;2021;winter;0.6172;35282456;1755331;0.0505024855027366;4762269560;242427677;0.102113226406759;19.2290533758151;0.800015557847243
EHI02006;AAV58;SD0046302;SD00463;5985;Faecal;Sciurus carolinensis;Rodentia;Adult;AddaNord;2021-01-13;Italy;Lombardy, AddaNord;45.56;9.52;1;1;1;1;0.055;5.841;0;F;540;nonbreeding;C03-02;rural;AN;AN;0.13;0.146;9.524899;45.563423;1;2021;winter;0.6667;40407086;376991;0.0270974231993203;5841418257;55147896;0.0535019188582631;19.5458803636712;0.811937173754245
EHI02005;AAV68;SD0040601;SD00406;5754;Faecal;Sciurus vulgaris;Rodentia;Adult;Pineta;2021-01-29;Italy;Lombardy, Pineta;45.78;8.91;1;1;1;1;1.928;3.536;0;M;280;nonbreeding;PIN;suburban;PINR;PIN;0.122;0.279;8.910721;45.778953;1;2021;winter;0.7133;37312178;13027675;0.0266577430139313;3535618721;1927549730;0.0499022043345697;19.0388227743558;0.831965490904353
EHI01471;AAV72;SD0044003;SD00440;5939;Faecal;Sciurus carolinensis;Rodentia;Adult;AddaNord;2021-01-14;Italy;Lombardy, AddaNord;45.56;9.52;1;1;1;1;0.051;4.642;470;M;490;breeding;C03-02;rural;AN;AN;0.13;0.146;9.524899;45.563423;1;2021;winter;0.7287;31557008;337484;0.0383796049864197;4642488395;50665781;0.0465862558780912;18.8799128208744;0.883353488689905
EHI02274;AAV74;SD0040901;SD00409;5759;Faecal;Sciurus vulgaris;Rodentia;Adult;Golasecca;2021-01-11;Italy;Lombardy, Golasecca;45.69;8.66;1;1;1;1;0.956;3.411;0;F;270;nonbreeding;GS;rural;GS;GS;0.0635;0.0985;8.65614;45.687981;1;2021;winter;0.7745;29825230;6469531;0.0847294336837348;3410598211;956479551;0.106560064220146;15.984311141608;0.955029550519248
EHI01478;AAV76;SD0038503;SD00385;5668;Faecal;Sciurus vulgaris;Rodentia;Adult;Golasecca;2021-01-12;Italy;Lombardy, Golasecca;45.69;8.66;1;1;1;1;5.488;8.641;295;F;270;nonbreeding;GS;rural;GS;GS;0.0635;0.0985;8.65614;45.687981;1;2021;winter;0.9054;94961782;36353430;0.0266234004650595;8640822197;5487529086;0.0345444774908391;15.1020556432629;0.996077703255848
EHI02235;AAV79;SD0038202;SD00382;5665;Faecal;Sciurus vulgaris;Rodentia;Adult;Golasecca;2021-01-11;Italy;Lombardy, Golasecca;45.69;8.66;1;1;1;1;5.249;1.924;0;M;300;nonbreeding;GS;rural;GS;GS;0.0635;0.0985;8.65614;45.687981;1;2021;winter;0.7054;49278844;35798136;0.034283807444216;1923524874;5248912133;0.0629462874918842;17.2242925167986;0.889399960673378
EHI01474;AAV84;SD0043001;SD00430;5799;Faecal;Sciurus vulgaris;Rodentia;Adult;Pineta;2021-01-29;Italy;Lombardy, Pineta;45.78;8.91;1;1;1;1;0.22;3.483;90;M;260;nonbreeding;PIN;suburban;PINR;PIN;0.122;0.279;8.910721;45.778953;1;2021;winter;0.6754;25027138;1555202;0.0319251358534937;3483421244;220329228;0.0449013826473863;17.9769376367938;0.921822872964593
EHI02034;AAV94;SD0030002;SD00300;4389;Faecal;Sciurus carolinensis;Rodentia;Adult;Torino;2021-04-07;Italy;Piedmont, Torino;45.06;7.69;1;1;1;1;0.207;4.746;0;M;630;breeding;TO;urban;TO;TO;0.576;0.71;7.687153;45.056009;4;2021;spring-summer;0.6323;34199534;1452266;0.0402425603893503;4745975839;207115863;0.0733272154978729;19.327387646048;0.793833645511499
EHI01518;AAV99;SD0040201;SD00402;5719;Faecal;Sciurus vulgaris;Rodentia;Adult;Golasecca;2021-01-15;Italy;Lombardy, Golasecca;45.69;8.66;1;1;1;1;3.479;1.998;295;F;320;nonbreeding;GS;rural;GS;GS;0.0635;0.0985;8.65614;45.687981;1;2021;winter;0.7089;37042242;23378696;0.0260334647687879;1998437469;3478963343;0.0398700145388486;14.2180017306918;0.98492458375769
EHI01501;AAW09;SD0041601;SD00416;5767;Faecal;Sciurus vulgaris;Rodentia;Adult;Pineta;2021-02-11;Italy;Lombardy, Pineta;45.78;8.91;1;1;1;1;2.266;6.116;67;M;325;breeding;PIN;suburban;PINR;PIN;0.122;0.279;8.910721;45.778953;2;2021;winter;0.8777;56496212;15179336;0.0294826854286484;6115609193;2265649808;0.0401531134656734;15.7445576105257;0.992858324644765
EHI01521;AAZ47;SD0046601;SD00466;5992;Faecal;Sciurus vulgaris;Rodentia;Pregnant;Calusco;2021-02-23;Italy;Lombardy, Calusco;45.68;9.46;1;1;1;1;1.578;1.55;298;F;305;pregnant;C03-18;rural;CAL;CAL;0.047;0.227;9.460459;45.680513;2;2021;winter;0.7206;21323862;10799238;0.0271129018968136;1549516473;1578421690;0.0485992695421741;18.4892383456026;0.812095644181028
EHI02297;AAZ50;SD0046001;SD00460;5980;Faecal;Sciurus vulgaris;Rodentia;Adult;Calusco;2021-02-25;Italy;Lombardy, Calusco;45.68;9.46;1;1;1;1;0.045;5.101;0;M;270;breeding;C03-18;rural;CAL;CAL;0.047;0.227;9.460459;45.680513;2;2021;winter;0.8265;34690654;309854;0.0847229768036396;5101305081;45022480;0.0947964696917185;18.7426782915054;0.884204297173726
EHI02013;AAZ57;SD0031301;SD00313;4914;Faecal;Sciurus carolinensis;Rodentia;Adult;Torino;2021-02-23;Italy;Piedmont, Torino;45.06;7.69;1;1;1;1;0.029;3.728;0;M;580;breeding;TO;urban;TO;TO;0.576;0.71;7.687153;45.056009;2;2021;winter;0.6633;25705342;204150;0.0600655638054329;3728406764;29480386;0.0839342422499679;19.6733317931763;0.74577174792565
EHI02000;AAZ62;SD0030001;SD00300;4389;Faecal;Sciurus carolinensis;Rodentia;Adult;Torino;2021-02-23;Italy;Piedmont, Torino;45.06;7.69;1;1;1;1;0.206;2.208;0;M;620;nonbreeding;TO;urban;TO;TO;0.576;0.71;7.687153;45.056009;2;2021;winter;0.6648;16612282;1384757;0.0903550358715567;2207615419;206114307;0.118869966200097;19.1371920516721;0.715588092114422
EHI02068;AAZ65;SD0032701;SD00327;4943;Faecal;Sciurus carolinensis;Rodentia;Adult;Torino;2021-02-23;Italy;Piedmont, Torino;45.06;7.69;4;3;3;3;1.236;7.624;465;M;640;nonbreeding;TO;urban;TO;TO;0.576;0.71;7.687153;45.056009;2;2021;winter;0.6667;27694370;2918790;0.0317351944765381;3601084486;429440182;0.0605514926394701;19.0766558004349;0.785094674015336
EHI01512;AAZ79;SD0044602;SD00446;5954;Faecal;Sciurus vulgaris;Rodentia;Juvenile;Calusco;2021-02-25;Italy;Lombardy, Calusco;45.68;9.46;1;1;1;1;0.436;7.27;332;F;210;nonbreeding;C03-18;rural;CAL;CAL;0.047;0.227;9.460459;45.680513;2;2021;winter;0.7531;52042974;2951751;0.0343190163412683;7270340006;435914912;0.0467129684608751;18.8622182343178;0.922053154582508
EHI02263;AAZ81;SD0044301;SD00443;5946;Faecal;Sciurus vulgaris;Rodentia;Adult;Calusco;2021-02-24;Italy;Lombardy, Calusco;45.68;9.46;1;1;1;1;0.042;3.992;0;M;330;breeding;C03-18;rural;CAL;CAL;0.047;0.227;9.460459;45.680513;2;2021;winter;0.5969;27650046;284417;0.0558968244792537;3992215153;41810989;0.0817286185115437;22.181747644363;0.326013378862485
EHI02024;AAZ95;SD0029901;SD00299;4388;Faecal;Sciurus carolinensis;Rodentia;Adult;Torino;2021-02-23;Italy;Piedmont, Torino;45.06;7.69;1;1;1;1;0.396;4.456;0;M;660;nonbreeding;TO;urban;TO;TO;0.576;0.71;7.687153;45.056009;2;2021;winter;0.6799;33235104;2655535;0.0717519141233978;4455847605;395506593;0.0966859923766311;19.4632990548375;0.775485277352271
EHI01517;ABA17;SD0040101;SD00401;5718;Faecal;Sciurus vulgaris;Rodentia;Adult;Pineta;2021-03-04;Italy;Lombardy, Pineta;45.76;8.9;1;1;1;1;0.731;5.983;191;M;320;breeding;PIN-CAPR;suburban;PINS;PIN;0.464;0.416;8.904471;45.757363;3;2021;spring-summer;0.7297;45432642;4987218;0.0413355126788508;5982903807;731475950;0.0554753668923902;18.5912369891201;0.919040643562267
EHI01996;ABA24;SD0030301;SD00303;4669;Faecal;Sciurus vulgaris;Rodentia;Adult;Pineta;2021-03-09;Italy;Lombardy, Pineta;45.76;8.9;1;1;1;1;0.492;3.132;0;F;365;nonbreeding;PIN-CAPR;suburban;PINS;PIN;0.464;0.416;8.904471;45.757363;3;2021;spring-summer;0.67;25387282;3861786;0.0662175252402053;3131665228;492029972;0.111433545969674;19.2302354623268;0.770765381585551
EHI01472;ABA27;SD0031101;SD00311;4910;Faecal;Sciurus vulgaris;Rodentia;Adult;Pineta;2021-03-09;Italy;Lombardy, Pineta;45.76;8.9;1;1;1;1;3.347;1.441;164;M;320;breeding;PIN-CAPR;suburban;PINS;PIN;0.464;0.416;8.904471;45.757363;3;2021;spring-summer;0.7286;32550894;22403100;0.0376846530438485;1441149797;3347051432;0.0562963694164578;18.9365706810751;0.750910038108319
EHI01499;ABA33;SD0035603;SD00356;5635;Faecal;Sciurus carolinensis;Rodentia;Adult;RS;2021-03-23;Italy;Piedmont, RS;44.95;7.6;1;1;1;1;0.572;3.491;277;M;530;breeding;RS;suburban;RS;PR;0.2;0.224;7.594981;44.950145;3;2021;spring-summer;0.7225;27377420;3816910;0.0332086344511879;3491143687;571582604;0.0435405774230612;19.081080041384;0.838919585224984
EHI01507;ABA36;SD0034603;SD00346;5610;Faecal;Sciurus carolinensis;Rodentia;Adult;RS;2021-03-23;Italy;Piedmont, RS;44.95;7.6;1;1;1;1;0.966;4.518;285;M;450;nonbreeding;RS;suburban;RS;PR;0.2;0.224;7.594981;44.950145;3;2021;spring-summer;0.7108;37206466;6604196;0.0369890846670787;4518333787;966484072;0.0535803701736604;18.7784914174907;0.881577640260585
EHI01523;ABA43;SD0034203;SD00342;5605;Faecal;Sciurus carolinensis;Rodentia;Adult;Piobesi;2021-03-23;Italy;Piedmont, Piobesi;44.94;7.59;1;1;1;1;0.776;5.038;568;M;530;breeding;Piobesi;rural;PIO;PR;0.2;0.188;7.593432;44.937589;3;2021;spring-summer;0.7063;39176480;5221777;0.0267734870867968;5038484038;776017555;0.0370366591241046;19.146288701022;0.866913989857001
EHI01494;ABA48;SD0038002;SD00380;5663;Faecal;Sciurus carolinensis;Rodentia;Adult;Piobesi;2021-03-23;Italy;Piedmont, Piobesi;44.94;7.59;1;1;1;1;1.27;6.378;578;M;510;nonbreeding;Piobesi;rural;PIO;PR;0.2;0.188;7.593432;44.937589;3;2021;spring-summer;0.7258;51702220;8617600;0.0308214415981395;6378451920;1269742653;0.0442104561290826;19.5386178890183;0.861603801283709
EHI01529;ABA78;SD0043904;SD00439;5937;Faecal;Sciurus carolinensis;Rodentia;Pregnant;AddaNord;2021-03-29;Italy;Lombardy, AddaNord;45.57;9.53;1;1;1;1;0.63;3.72;460;F;580;pregnant;C03-03;urban;AN2;AN;0.59;0.631;9.529524;45.573628;3;2021;spring-summer;0.7322;29301550;4169845;0.0342196442780739;3720487508;629509565;0.0441593884848464;18.9826075769001;0.862836631490706
EHI01464;ABA79;SD0043603;SD00436;5933;Faecal;Sciurus carolinensis;Rodentia;Nursing;AddaNord;2021-03-30;Italy;Lombardy, AddaNord;45.56;9.53;1;1;1;1;0.115;9.767;503;F;560;lactating;C03-02;rural;AN;AN;0.13;0.146;9.524899;45.563423;3;2021;spring-summer;0.7494;66491144;770291;0.0337413348114264;9766932496;114736867;0.0426545978787589;19.1719058958241;0.919823801290172
EHI01513;ABA80;SD0044004;SD00440;5939;Faecal;Sciurus carolinensis;Rodentia;Adult;AddaNord;2021-03-31;Italy;Lombardy, AddaNord;45.56;9.53;1;1;1;1;0.14;4.734;471;M;510;breeding;C03-02;rural;AN;AN;0.13;0.146;9.524899;45.563423;3;2021;spring-summer;0.6861;32844942;942945;0.0283963752213512;4733769631;140443599;0.0387554462800704;19.1229850949506;0.863225911902866
EHI02026;ABA94;SD0044803;SD00448;5963;Faecal;Sciurus carolinensis;Rodentia;Adult;AddaNord;2021-03-29;Italy;Lombardy, AddaNord;45.56;9.52;1;1;1;1;0.137;4.399;0;M;560;breeding;C03-01;rural;AN;AN;0.13;0.146;9.524899;45.563423;3;2021;spring-summer;0.6178;31139304;966889;0.032763282500812;4398792762;136874263;0.0607660584556188;19.4059051980077;0.794683692386056
EHI02078;ABA95;SD0043802;SD00438;5936;Faecal;Sciurus carolinensis;Rodentia;Pregnant;AddaNord;2021-03-29;Italy;Lombardy, AddaNord;45.56;9.52;4;3;3;3;0.945;16.361;465;F;560;pregnant;C03-01;rural;AN;AN;0.13;0.146;9.524899;45.563423;3;2021;spring-summer;0.6389;29718816;2591689;0.0614124133090453;3849590816;333115601;0.119337656482501;19.3981537217349;0.79589789692041
EHI00142;ABB05;SD0031601;SD00316;4919;Faecal;Sciurus carolinensis;Rodentia;Adult;Piobesi;2021-03-23;Italy;Piedmont, Piobesi;44.94;7.59;1;1;1;1;0.125;3.77;720;M;490;nonbreeding;Piobesi;rural;PIO;PR;0.2;0.188;7.593432;44.937589;3;2021;spring-summer;0.6993;28076214;1230876;0.0955411899309078;3769807332;124776720;0.163588353380793;18.1100796536544;0.871971118141036
EHI01527;ABB06;SD0034403;SD00344;5608;Faecal;Sciurus carolinensis;Rodentia;Adult;Piobesi;2021-03-23;Italy;Piedmont, Piobesi;44.94;7.59;1;1;1;1;0.068;3.245;539;F;610;nonbreeding;Piobesi;rural;PIO;PR;0.2;0.188;7.593432;44.937589;3;2021;spring-summer;0.6692;22779960;464206;0.0286703087187952;3245114745;67622433;0.058306809902941;17.9398310609653;0.876655301676875
EHI01473;ABB09;SD0035802;SD00358;5637;Faecal;Sciurus carolinensis;Rodentia;Adult;Piobesi;2021-03-23;Italy;Piedmont, Piobesi;44.94;7.59;1;1;1;1;0.058;3.03;544;M;540;breeding;Piobesi;rural;PIO;PR;0.2;0.188;7.593432;44.937589;3;2021;spring-summer;0.7144;20820422;391181;0.0298367157889243;3029920363;58439084;0.0406172862631951;19.413008948751;0.781540398686881
EHI02008;ABB14;SD0036402;SD00364;5644;Faecal;Sciurus carolinensis;Rodentia;Adult;RS;2021-03-23;Italy;Piedmont, RS;44.95;7.6;1;1;1;1;0.037;3.094;0;M;470;nonbreeding;RS;suburban;RS;PR;0.2;0.224;7.594981;44.950145;3;2021;spring-summer;0.6704;21436048;285653;0.0576655849216984;3093839848;37243981;0.0823781048441256;19.1541143307112;0.767664131883159
EHI01508;ABB21;SD0034003;SD00340;5601;Faecal;Sciurus carolinensis;Rodentia;Adult;RS;2021-03-23;Italy;Piedmont, RS;44.95;7.6;1;1;1;1;1.284;4.044;278;F;540;nonbreeding;RS;suburban;RS;PR;0.2;0.224;7.594981;44.950145;3;2021;spring-summer;0.7099;36127598;8741419;0.0440026188607617;4043798515;1284304049;0.0600625967207929;18.893996439026;0.857218030192011
EHI00144;ABB26;SD0041201;SD00412;5762;Faecal;Sciurus carolinensis;Rodentia;Adult;Piobesi;2021-03-23;Italy;Piedmont, Piobesi;44.94;7.59;1;1;1;1;0.79;3.235;732;M;510;nonbreeding;Piobesi;rural;PIO;PR;0.2;0.188;7.593432;44.937589;3;2021;spring-summer;0.6645;28297524;5785566;0.0456384593192924;3234959778;789953139;0.0950392944688258;19.4353547837398;0.775981458520832
EHI01468;ABB40;SD0035904;SD00359;5638;Faecal;Sciurus carolinensis;Rodentia;Pregnant;Piobesi;2021-03-24;Italy;Piedmont, Piobesi;44.94;7.59;1;1;1;1;0.151;1.697;536;F;590;pregnant;Piobesi;rural;PIO;PR;0.2;0.188;7.593432;44.937589;3;2021;spring-summer;0.6768;12453422;1018097;0.0240428569614898;1696946557;151042974;0.0345044207983763;19.1910386146249;0.740000121680607
EHI02001;ABB49;SD0036102;SD00361;5640;Faecal;Sciurus carolinensis;Rodentia;Adult;RS;2021-03-25;Italy;Piedmont, RS;44.95;7.6;1;1;1;1;0.12;3.301;0;M;440;nonbreeding;RS;suburban;RS;PR;0.2;0.224;7.594981;44.950145;3;2021;spring-summer;0.6753;23661504;860579;0.110185435195457;3300896153;119611674;0.142455840650834;19.3368565446777;0.770175203982632
EHI01497;ABB64;SD0044103;SD00441;5941;Faecal;Sciurus carolinensis;Rodentia;Adult;AddaNord;2021-03-30;Italy;Lombardy, AddaNord;45.57;9.53;1;1;1;1;0.059;5.08;469;M;530;nonbreeding;C03-03;urban;AN2;AN;0.59;0.631;9.529524;45.573628;3;2021;spring-summer;0.7216;34583652;404193;0.0457813254458115;5079936726;58515074;0.0548122436854299;18.8383179888509;0.882650588829467
EHI02004;ABB81;SD0029902;SD00299;4388;Faecal;Sciurus carolinensis;Rodentia;Adult;Torino;2021-04-08;Italy;Piedmont, Torino;45.06;7.69;1;1;1;1;1.357;5.22;0;M;640;breeding;TO;urban;TO;TO;0.576;0.71;7.687153;45.056009;4;2021;spring-summer;0.6639;45053134;9155200;0.0289764313087948;5220439933;1357285747;0.0548749744149676;18.7871530766938;0.821468215122684
EHI01728;ABB91;SD0039201;SD00392;5696;Faecal;Sciurus vulgaris;Rodentia;Nursing;Gallarate;2021-04-13;Italy;Lombardy, Gallarate;45.66;8.78;1;1;1;1;0.17;2.781;20;F;365;lactating;Bassetti;urban;GAL;GAL;0.806;0.844;8.781401;45.661555;4;2021;spring-summer;0.6894;19868002;1127118;0.0316746840563605;2780894049;169658482;0.0413078235751871;18.2282190184216;0.881725640457412
EHI01771;ABB94;SD0033101;SD00331;4949;Faecal;Sciurus vulgaris;Rodentia;Nursing;Gallarate;2021-04-13;Italy;Lombardy, Gallarate;45.66;8.78;1;1;1;1;0.08;3.988;0;F;340;lactating;Ponti;urban;GAL;GAL;0.8;0.779;8.787173;45.672497;4;2021;spring-summer;0.1187;27493266;551425;0.061333237372403;3988361968;79711632;0.0740604199242113;18.589094948987;0.783214838202395
EHI01559;ABC03;SD0045602;SD00456;5976;Faecal;Sciurus vulgaris;Rodentia;Adult;Calusco;2021-04-14;Italy;Lombardy, Calusco;45.68;9.46;1;1;1;1;0.446;2.883;283;M;260;breeding;C03-18;rural;CAL;CAL;0.047;0.227;9.460459;45.680513;4;2021;spring-summer;0.7299;22463660;3022221;0.0551264498354312;2883026351;446273691;0.0664128789201202;17.9755068160972;0.940669774536355
EHI01519;ABC05;SD0046602;SD00466;5992;Faecal;Sciurus vulgaris;Rodentia;Pregnant;Calusco;2021-04-13;Italy;Lombardy, Calusco;45.68;9.46;1;1;1;1;0.323;4.254;313;F;290;pregnant;C03-18;rural;CAL;CAL;0.047;0.227;9.460459;45.680513;4;2021;spring-summer;0.7871;31010828;2285785;0.0443219384787811;4254087826;322613761;0.0597148194333399;18.2631011889004;0.911233271255605
EHI01831;ABC08;SD0044603;SD00446;5954;Faecal;Sciurus vulgaris;Rodentia;Adult;Calusco;2021-04-13;Italy;Lombardy, Calusco;45.68;9.46;1;2;1;1;0.631;3.228;0;F;250;nonbreeding;C03-18;rural;CAL;CAL;0.047;0.227;9.460459;45.680513;4;2021;spring-summer;0.7903;26733570;4676223;0.0563205723588623;3228004361;630770797;0.0919165846543551;17.9505664678819;0.922900544421555
EHI01485;ABC11;SD0045302;SD00453;5971;Faecal;Sciurus vulgaris;Rodentia;Adult;Calusco;2021-04-14;Italy;Lombardy, Calusco;45.68;9.46;1;1;1;1;1.509;0.912;283;F;300;nonbreeding;C03-18;rural;CAL;CAL;0.047;0.227;9.460459;45.680513;4;2021;spring-summer;0.6555;16720394;10280742;0.0381635292860224;912091002;1509404618;0.0713604791090628;18.7954776999246;0.705393426084961
EHI02028;ABC23;SD0032001;SD00320;4926;Faecal;Sciurus vulgaris;Rodentia;Adult;Gallarate;2021-04-14;Italy;Lombardy, Gallarate;45.66;8.78;1;1;1;1;0.143;4.654;0;M;320;nonbreeding;Bassetti;urban;GAL;GAL;0.806;0.844;8.781401;45.661555;4;2021;spring-summer;0.6838;32680280;1006760;0.0564910463557452;4653876495;142689009;0.0767923857516587;17.8992218972027;0.857431340470261
EHI00365;ABC26;SD0032601;SD00326;4940;Faecal;Sciurus vulgaris;Rodentia;Nursing;Gallarate;2021-04-14;Italy;Lombardy, Gallarate;45.66;8.78;1;1;1;1;0.237;4.066;376;F;380;lactating;Bassetti;urban;GAL;GAL;0.806;0.844;8.781401;45.661555;4;2021;spring-summer;0.7284;29282278;1643596;0.0634232543382072;4065610660;236517553;0.0826594294448165;18.6860845264654;0.883917620301825
EHI02039;ABC29;SD0030501;SD00305;4901;Faecal;Sciurus vulgaris;Rodentia;Adult;Gallarate;2021-04-16;Italy;Lombardy, Gallarate;45.66;8.78;1;1;1;1;0.044;4.457;0;M;345;nonbreeding;Bassetti;urban;GAL;GAL;0.806;0.844;8.781401;45.661555;4;2021;spring-summer;0.71;31338836;382350;0.0670446496744598;4457212863;43861599;0.106688476126649;17.8861377273492;0.851187628740409
EHI00374;ABC31;SD0030601;SD00306;4903;Faecal;Sciurus vulgaris;Rodentia;Adult;Gallarate;2021-04-16;Italy;Lombardy, Gallarate;45.66;8.78;1;1;1;1;0.058;3.94;356;M;320;nonbreeding;Bassetti;urban;GAL;GAL;0.806;0.844;8.781401;45.661555;4;2021;spring-summer;0.7615;27561084;485664;0.100988312916307;3939912203;58249670;0.130562922058404;17.018345835953;0.918727362917774
EHI02037;ABC33;SD0031801;SD00318;4922;Faecal;Sciurus vulgaris;Rodentia;Adult;Gallarate;2021-04-14;Italy;Lombardy, Gallarate;45.66;8.78;1;1;1;1;0.158;4.819;0;M;300;breeding;Bassetti;urban;GAL;GAL;0.806;0.844;8.781401;45.661555;4;2021;spring-summer;0.7289;34737514;1367624;0.074929273894271;4819246034;158163898;0.116333575296319;18.0693724439102;0.860825086297869
EHI01770;ABC40;SD0031401;SD00314;4917;Faecal;Sciurus vulgaris;Rodentia;Nursing;Gallarate;2021-04-14;Italy;Lombardy, Gallarate;45.66;8.78;1;1;1;1;0.051;1.304;0;F;355;lactating;Ponti;urban;GAL;GAL;0.8;0.779;8.787173;45.672497;4;2021;spring-summer;0.7591;9172688;385007;0.0448248845066223;1303585564;51362337;0.0593724051043818;17.5836597761718;0.867868201886603
EHI02032;ABC51;SD0039601;SD00396;5709;Faecal;Sciurus carolinensis;Rodentia;Adult;ILO;2021-04-20;Italy;Piedmont, ILO;45.02;7.67;1;1;1;1;0.618;5.624;0;F;605;nonbreeding;ILO;urban;ILO;TO;0.448;0.511;7.6723;45.024144;4;2021;spring-summer;0.6686;42855276;4231971;0.0879173482855894;5624025816;617878710;0.114362981145774;19.545621692856;0.796971855876592
EHI02291;ACG25;SD0169001;SD01690;5707;Faecal;Sciurus vulgaris;Rodentia;Adult;Varese;2021-05-10;Italy;Lombardy, Varese;45.83;8.8;1;1;1;1;3.187;0.838;0;M;330;nonbreeding;Villa Baragiola;urban;VAU;VA;0.723;0.714;8.798065;45.832156;5;2021;spring-summer;0.7065;27987836;21982160;0.0297193692625859;838189014;3186963816;0.0697082769083713;17.3435593910214;0.700064050523761
EHI02292;ACG30;SD0169301;SD01693;5776;Faecal;Sciurus vulgaris;Rodentia;Nursing;Varese;2021-05-12;Italy;Lombardy, Varese;45.83;8.8;1;1;1;1;1.346;3.787;0;F;265;nonbreeding;Villa Baragiola;urban;VAU;VA;0.723;0.714;8.798065;45.832156;5;2021;spring-summer;0.7265;36084980;9793157;0.0840044883678025;3786785665;1345638925;0.131443260098667;18.7772996975555;0.822511058911068
EHI02011;ACG49;SD0040602;SD00406;5754;Faecal;Sciurus vulgaris;Rodentia;Adult;Pineta;2021-04-28;Italy;Lombardy, Pineta;45.78;8.91;1;1;1;1;3.085;2.213;0;M;300;breeding;PIN;suburban;PINR;PIN;0.122;0.279;8.910721;45.778953;4;2021;spring-summer;0.6589;36454294;20969332;0.032097546702762;2212910782;3084715614;0.0622804572138826;18.5186008375679;0.799679497025373
EHI01552;ACG51;SD0171101;SD01711;5748;Faecal;Sciurus vulgaris;Rodentia;Adult;Varese;2021-07-14;Italy;Lombardy, Varese;45.8;8.85;1;1;1;1;0.691;4.074;139;M;300;nonbreeding;ASL;urban;VAS;VA;0.59;0.651;8.848748;45.799523;7;2021;spring-summer;0.7009;32134216;4624145;0.0542113331056832;4074082206;690911399;0.0650304648409875;18.4519483853846;0.916884332300763
EHI01511;ACG52;SD0041602;SD00416;5767;Faecal;Sciurus vulgaris;Rodentia;Adult;Pineta;2021-04-28;Italy;Lombardy, Pineta;45.78;8.91;1;1;1;1;0.32;4.13;67;M;325;breeding;PIN;suburban;PINR;PIN;0.122;0.279;8.910721;45.778953;4;2021;spring-summer;0.0987;30261596;2152492;0.0804009872313757;4130432723;320144562;0.098362937734356;19.8064521084149;0.674137161794585
EHI01558;ACG53;SD0043002;SD00430;5799;Faecal;Sciurus vulgaris;Rodentia;Adult;Pineta;2021-04-28;Italy;Lombardy, Pineta;45.78;8.91;1;1;1;1;2.288;4.581;86;M;280;breeding;PIN;suburban;PINR;PIN;0.122;0.279;8.910721;45.778953;4;2021;spring-summer;0.7084;46069262;15363484;0.0320184514064218;4581399008;2288170052;0.0377363983141541;17.9972703142064;0.967682028228191
EHI02009;ACG56;SD0169201;SD01692;5779;Faecal;Sciurus vulgaris;Rodentia;Adult;Varese;2021-05-12;Italy;Lombardy, Varese;45.83;8.8;1;1;1;1;0.273;3.748;0;F;360;lactating;Villa Baragiola;urban;VAU;VA;0.723;0.714;8.798065;45.832156;5;2021;spring-summer;0.6609;27472792;1854914;0.0332465349439702;3747872446;272625900;0.0568048302122487;16.9956644325187;0.915335917592854
EHI01550;ACG85;SD0042003;SD00420;5771;Faecal;Sciurus carolinensis;Rodentia;Adult;commande;2021-05-05;Italy;Piedmont, commande;44.84;7.77;1;1;1;1;1.481;4.678;242;F;530;nonbreeding;commande;suburban;COM;COM;0.2;0.2;7.766891;44.838837;5;2021;spring-summer;0.3549;41579710;9912005;0.0327339716061938;4678483400;1480843374;0.0447732726263821;18.6946423160878;0.839653724833769
EHI02015;ACG94;SD0171201;SD01712;5743;Faecal;Sciurus vulgaris;Rodentia;Adult;Varese;2021-07-14;Italy;Lombardy, Varese;45.8;8.85;1;1;1;1;0.11;3.106;0;M;285;nonbreeding;ASL;urban;VAS;VA;0.59;0.651;8.848748;45.799523;7;2021;spring-summer;0.6871;22025226;830068;0.0333572376551879;3106227186;109865753;0.0590144341727057;18.0495231015518;0.879551652727426
EHI02255;ACG96;SD0172301;SD01723;5732;Faecal;Sciurus vulgaris;Rodentia;Adult;Varese;2021-08-11;Italy;Lombardy, Varese;45.82;8.81;1;1;1;1;1.566;3.201;0;F;295;nonbreeding;Palace;suburban;VAS;VA;0.37;0.561;8.808913;45.823564;8;2021;spring-summer;0.6582;33632014;11497348;0.0416266465979783;3201139898;1566323338;0.0943133867022903;19.0794229063109;0.797382725942406
EHI02007;ACH02;SD0169101;SD01691;5702;Faecal;Sciurus vulgaris;Rodentia;Adult;Varese;2021-05-12;Italy;Lombardy, Varese;45.83;8.8;1;1;1;1;1.111;2.951;0;M;340;nonbreeding;Villa Baragiola;urban;VAU;VA;0.723;0.714;8.798065;45.832156;5;2021;spring-summer;0.6847;28392496;7896729;0.0363727630048544;2950752742;1110635435;0.0810566596264822;18.2868040727568;0.855400053172592
EHI01460;ACH07;SD0040202;SD00402;5719;Faecal;Sciurus vulgaris;Rodentia;Pregnant;Golasecca;2021-05-31;Italy;Lombardy, Golasecca;45.69;8.66;1;1;1;1;1.191;7.333;337;F;305;pregnant;GS;rural;GS;GS;0.0635;0.0985;8.65614;45.687981;5;2021;spring-summer;0.7905;57366102;7891163;0.0383718551055632;7333306758;1190588792;0.0474260839010878;18.3063598271398;0.93170171890897
EHI01495;ACH10;SD0038504;SD00385;5668;Faecal;Sciurus vulgaris;Rodentia;Pregnant;Golasecca;2021-05-31;Italy;Lombardy, Golasecca;45.69;8.66;1;1;1;1;0.141;4.456;317;F;305;pregnant;GS;rural;GS;GS;0.0635;0.0985;8.65614;45.687981;5;2021;spring-summer;0.7154;31051634;978427;0.0472453677083434;4456469691;140659102;0.0596446008236685;17.6384619856297;0.926280166466196
EHI01458;ACH13;SD0029703;SD00297;4378;Faecal;Sciurus vulgaris;Rodentia;Adult;Golasecca;2021-05-31;Italy;Lombardy, Golasecca;45.69;8.66;1;1;1;1;4.83;11.733;354;M;310;breeding;GS;rural;GS;GS;0.0635;0.0985;8.65614;45.687981;5;2021;spring-summer;0.7992;111513812;31951234;0.0351749801037058;11732872621;4830192899;0.0446349360515315;18.5410265582999;0.963371482097142
EHI01462;ACH19;SD0029804;SD00298;4386;Faecal;Sciurus vulgaris;Rodentia;Adult;Golasecca;2021-06-01;Italy;Lombardy, Golasecca;45.69;8.66;1;1;1;1;0.07;5.978;337;M;265;breeding;GS;rural;GS;GS;0.0635;0.0985;8.65614;45.687981;6;2021;spring-summer;0.8182;40827790;498888;0.0273593862660476;5978499274;70055758;0.0393683193844084;18.2711411026699;0.943914687016838
EHI01484;ACH20;SD0170401;SD01704;5728;Faecal;Sciurus vulgaris;Rodentia;Adult;Golasecca;2021-06-01;Italy;Lombardy, Golasecca;45.69;8.66;1;1;1;1;0.65;1.096;295;M;295;breeding;GS;rural;GS;GS;0.0635;0.0985;8.65614;45.687981;6;2021;spring-summer;0.6787;11805620;4385897;0.0161315942598106;1095970756;649552723;0.0301989490509328;17.9161858567942;0.819810582369102
EHI01496;ACH28;SD0032502;SD00325;4939;Faecal;Sciurus vulgaris;Rodentia;Adult;Golasecca;2021-06-01;Italy;Lombardy, Golasecca;45.69;8.66;1;1;1;1;0.275;3.121;322;M;330;breeding;GS;rural;GS;GS;0.0635;0.0985;8.65614;45.687981;6;2021;spring-summer;0.6628;23025948;1879452;0.0302049756923146;3120940750;275328933;0.0463844124085748;18.60369135057;0.87026719304116
EHI02023;ACH42;SD0191401;SD01914;5726;Faecal;Sciurus vulgaris;Rodentia;Adult;Varese;2021-08-10;Italy;Lombardy, Varese;45.82;8.81;1;1;1;1;0.298;3.963;0;F;310;nonbreeding;Palace;suburban;VAS;VA;0.37;0.561;8.808913;45.823564;8;2021;spring-summer;0.5594;29171188;2062849;0.0284716486467764;3962617272;297990086;0.0540207361955563;18.5928996417673;0.856234883564129
EHI01476;ACH48;SD0172201;SD01722;5797;Faecal;Sciurus vulgaris;Rodentia;Adult;Varese;2021-08-11;Italy;Lombardy, Varese;45.82;8.81;1;1;1;1;0.128;6.337;139;F;265;nonbreeding;Palace;suburban;VAS;VA;0.37;0.561;8.808913;45.823564;8;2021;spring-summer;0.7376;43475306;851871;0.0292090897633739;6337228308;127780656;0.0375882289209561;17.1648560649301;0.973924537768638
EHI01553;ACH53;SD0170901;SD01709;5745;Faecal;Sciurus vulgaris;Rodentia;Pregnant;Pineta;2021-07-02;Italy;Lombardy, Pineta;45.74;8.91;1;1;1;1;0.101;4.251;172;F;385;lactating;Seminario;suburban;PINR;PIN;0.118;0.282;8.907712;45.735462;7;2021;spring-summer;0.7051;29574628;692657;0.0270765293628213;4250751983;101359948;0.0455170234634918;17.7104629738873;0.935418692834944
EHI01515;ACH54;SD0170301;SD01703;5777;Faecal;Sciurus vulgaris;Rodentia;Adult;Golasecca;2021-05-31;Italy;Lombardy, Golasecca;45.69;8.66;1;1;1;1;0.679;4.466;329;M;NA;breeding;GS;rural;GS;GS;0.0635;0.0985;8.65614;45.687981;5;2021;spring-summer;0.7326;34881540;4620339;0.0304772476286376;4466059796;678665521;0.0466918892662671;18.372901985617;0.906307803178331
EHI01500;ACH57;SD0170801;SD01708;5733;Faecal;Sciurus vulgaris;Rodentia;Pregnant;Pineta;2021-07-02;Italy;Lombardy, Pineta;45.74;8.91;1;1;1;1;1.559;1.962;150;F;410;pregnant;Seminario;suburban;PINR;PIN;0.118;0.282;8.907712;45.735462;7;2021;spring-summer;0.673;24196212;10688254;0.0476151265228834;1961901376;1559312703;0.0760121115613037;17.7122873169362;0.862308295965321
EHI01997;ADU68;SD0172401;SD01724;5750;Faecal;Sciurus vulgaris;Rodentia;Adult;Varese;2021-08-26;Italy;Lombardy, Varese;45.82;8.81;1;1;1;1;0.62;4.972;0;M;315;nonbreeding;Palace;suburban;VAS;VA;0.37;0.561;8.808913;45.823564;8;2021;spring-summer;0.6609;38272072;4215843;0.0356087786247039;4971548164;619726542;0.0607291494845746;18.9924668502867;0.836001015223701
EHI00383;ADU72;SD0170402;SD01704;5728;Faecal;Sciurus vulgaris;Rodentia;Adult;Golasecca;2021-09-06;Italy;Lombardy, Golasecca;45.69;8.66;1;1;1;1;7.984;4.213;593;M;315;nonbreeding;GS;rural;GS;GS;0.0635;0.0985;8.65614;45.687981;9;2021;autumn;0.6415;86600626;56243330;0.0469774436818363;4213267166;7983761399;0.105160945564684;18.3849888140212;0.888928585953616
EHI00391;ADU75;SD0172601;SD01726;4225;Faecal;Sciurus vulgaris;Rodentia;Nursing;Golasecca;2021-09-06;Italy;Lombardy, Golasecca;45.69;8.66;1;1;1;1;0.222;2.697;587;F;320;lactating;GS;rural;GS;GS;0.0635;0.0985;8.65614;45.687981;9;2021;autumn;0.6985;19945078;1498844;0.110907493105938;2697233278;222149263;0.132417150082359;18.3697673508184;0.864143436208863
EHI02030;ADU76;SD0169202;SD01692;5779;Faecal;Sciurus vulgaris;Rodentia;Adult;Varese;2021-09-28;Italy;Lombardy, Varese;45.83;8.8;1;1;1;1;0.038;6.295;0;F;345;nonbreeding;Villa Baragiola;urban;VAU;VA;0.723;0.714;8.798065;45.832156;9;2021;autumn;0.6073;43497022;282660;0.0329623241227101;6294850667;38280213;0.0613340276916895;15.7916207924705;0.930183247419485
EHI02022;ADU78;SD0172402;SD01724;5750;Faecal;Sciurus vulgaris;Rodentia;Adult;Varese;2021-09-29;Italy;Lombardy, Varese;45.82;8.81;1;1;1;1;0.163;3.221;0;M;330;nonbreeding;Palace;suburban;VAS;VA;0.37;0.561;8.808913;45.823564;9;2021;autumn;0.5626;23433942;1172511;0.0487067104461306;3221013266;163230891;0.0841180265314896;17.4350516836746;0.813148932626182
EHI00418;ADV27;SD0040203;SD00402;5719;Faecal;Sciurus vulgaris;Rodentia;Adult;Golasecca;2021-09-06;Italy;Lombardy, Golasecca;45.69;8.66;1;1;1;1;0.074;2.829;592;F;325;nonbreeding;GS;rural;GS;GS;0.0635;0.0985;8.65614;45.687981;9;2021;autumn;0.7453;19698496;500094;0.0167749012282468;2829335486;73920877;0.0339179450483948;18.8149135536847;0.864514127135665
EHI00420;ADV29;SD0032503;SD00325;4939;Faecal;Sciurus vulgaris;Rodentia;Adult;Golasecca;2021-09-06;Italy;Lombardy, Golasecca;45.69;8.66;1;1;1;1;0.002;2.937;565;M;330;nonbreeding;GS;rural;GS;GS;0.0635;0.0985;8.65614;45.687981;9;2021;autumn;0.7721;20171316;11652;0.0170905928014015;2936675388;1989414;0.0453634661254602;16.6826782526779;0.865894819490289
EHI01530;ADV31;SD0170302;SD01703;5777;Faecal;Sciurus vulgaris;Rodentia;Adult;Golasecca;2021-09-06;Italy;Lombardy, Golasecca;45.69;8.66;1;1;1;1;2.897;2.86;311;M;360;nonbreeding;GS;rural;GS;GS;0.0635;0.0985;8.65614;45.687981;9;2021;autumn;0.7164;38590460;19106096;0.0309817968371462;2860012170;2897393046;0.0361986775507449;18.5385916245812;0.83778573203036
EHI00400;ADV34;SD0172501;SD01725;4233;Faecal;Sciurus vulgaris;Rodentia;Adult;Golasecca;2021-09-06;Italy;Lombardy, Golasecca;45.69;8.66;1;1;1;1;0.375;3.091;586;F;335;nonbreeding;GS;rural;GS;GS;0.0635;0.0985;8.65614;45.687981;9;2021;autumn;0.6994;23823856;2582496;0.0221915911908714;3091221168;375475460;0.051436757719195;17.6893858349892;0.913842570319927
EHI00368;ADV43;SD0175301;SD01753;4312;Faecal;Sciurus vulgaris;Rodentia;Adult;Varese;2021-09-30;Italy;Lombardy, Varese;45.83;8.8;1;1;1;1;1.481;1.937;295;F;335;nonbreeding;Villa Baragiola;urban;VAU;VA;0.723;0.714;8.798065;45.832156;9;2021;autumn;0.6107;25516878;11431884;0.0835192798051249;1936874821;1481449409;0.181501683664699;15.503053737238;0.975115778343057
EHI01470;ADV61;SD0171202;SD01712;5743;Faecal;Sciurus vulgaris;Rodentia;Adult;Varese;2021-11-04;Italy;Lombardy, Varese;45.8;8.85;1;1;1;1;0.099;7.208;146;M;285;nonbreeding;ASL;urban;VAS;VA;0.59;0.651;8.848748;45.799523;11;2021;autumn;0.7497;49076128;660993;0.0249591604863842;7208121896;99234229;0.0321199680158193;17.6209511541804;0.965783776420145
EHI02012;ADV63;SD0171102;SD01711;5748;Faecal;Sciurus vulgaris;Rodentia;Adult;Varese;2021-11-04;Italy;Lombardy, Varese;45.8;8.85;1;1;1;1;1.508;4.494;0;M;310;nonbreeding;ASL;urban;VAS;VA;0.59;0.651;8.848748;45.799523;11;2021;autumn;0.6495;41225152;10345228;0.0254777588014222;4494140709;1507774171;0.0541373802833292;17.9925072082399;0.896467773360917
EHI01483;ADV66;SD0172202;SD01722;5797;Faecal;Sciurus vulgaris;Rodentia;Adult;Varese;2021-09-27;Italy;Lombardy, Varese;45.82;8.81;1;1;1;1;1.099;4.521;116;F;325;nonbreeding;Palace;suburban;VAS;VA;0.37;0.561;8.808913;45.823564;9;2021;autumn;0.6294;37878748;7381218;0.0412496969003601;4520936787;1099011941;0.0516885534558084;20.089234564791;0.638330840772636
EHI00367;ADV69;SD0169102;SD01691;5702;Faecal;Sciurus vulgaris;Rodentia;Adult;Varese;2021-09-27;Italy;Lombardy, Varese;45.83;8.8;1;1;1;1;0.021;3.961;295;M;345;nonbreeding;Villa Baragiola;urban;VAU;VA;0.723;0.714;8.798065;45.832156;9;2021;autumn;0.6181;27152266;148844;0.019469365940328;3960874993;21401095;0.0412724797831336;18.4734774406312;0.672239672272262
EHI02033;ADV71;SD0191402;SD01914;5726;Faecal;Sciurus vulgaris;Rodentia;Adult;Varese;2021-09-28;Italy;Lombardy, Varese;45.82;8.81;1;1;1;1;0.045;6.374;0;F;330;nonbreeding;Palace;suburban;VAS;VA;0.37;0.561;8.808913;45.823564;9;2021;autumn;0.6991;43821580;336868;0.0574761385738007;6373949627;45485903;0.0795294367277279;16.2928839539635;0.92112278365021
EHI00363;ADV74;SD0175201;SD01752;4307;Faecal;Sciurus vulgaris;Rodentia;Nursing;Varese;2021-09-28;Italy;Lombardy, Varese;45.83;8.8;1;1;1;1;1.097;3.513;295;F;395;lactating;Villa Baragiola;urban;VAU;VA;0.723;0.714;8.798065;45.832156;9;2021;autumn;0.6596;32521760;7974650;0.0581628822038677;3512518735;1097275030;0.109995917961352;15.5622739892921;0.921546527888742
EHI00413;ADV82;SD0176802;SD01768;4308;Faecal;Sciurus vulgaris;Rodentia;Adult;Gallarate;2021-10-08;Italy;Lombardy, Gallarate;45.66;8.78;1;1;1;1;1.021;0.977;357;F;295;nonbreeding;Aloisianum;urban;GAL;GAL;0.81;0.832;8.779362;45.656676;10;2021;autumn;0.7021;13725160;6941302;0.0252496113117168;977189394;1020883669;0.0539891727859209;18.3372035721771;0.765958411654605
EHI02020;ADV83;SD0032603;SD00326;4940;Faecal;Sciurus vulgaris;Rodentia;Nursing;Gallarate;2021-10-07;Italy;Lombardy, Gallarate;45.66;8.78;1;1;1;1;2.431;2.34;0;F;335;lactating;Bassetti;urban;GAL;GAL;0.806;0.844;8.781401;45.661555;10;2021;autumn;0.6513;32947510;16702066;0.0283335176542582;2340373077;2431485842;0.0618096541893689;18.9635062778897;0.765658467931694
EHI00410;ADV86;SD0031202;SD00312;4912;Faecal;Sciurus vulgaris;Rodentia;Adult;Gallarate;2021-10-07;Italy;Lombardy, Gallarate;45.66;8.78;1;1;1;1;0.423;3.2;372;M;310;nonbreeding;Aloisianum;urban;GAL;GAL;0.81;0.832;8.779362;45.656676;10;2021;autumn;0.7321;24589258;2823934;0.0474329188915209;3200297549;422690959;0.0643232401305417;18.6374733834892;0.866951048475807
EHI01504;ADV92;SD0170902;SD01709;5745;Faecal;Sciurus vulgaris;Rodentia;Adult;Pineta;2021-10-18;Italy;Lombardy, Pineta;45.74;8.91;1;1;1;1;2.059;1.724;150;F;380;nonbreeding;Seminario;suburban;PINR;PIN;0.118;0.282;8.907712;45.735462;10;2021;autumn;0.6912;25867982;13856473;0.0251280321184886;1724222917;2059050301;0.0494795182025722;17.2516130979796;0.925515939292241
EHI01525;ADV95;SD0040102;SD00401;5718;Faecal;Sciurus vulgaris;Rodentia;Adult;Pineta;2021-10-18;Italy;Lombardy, Pineta;45.76;8.9;1;1;1;1;0.248;4.501;150;M;335;nonbreeding;PIN-CAPR;suburban;PINS;PIN;0.464;0.416;8.904471;45.757363;10;2021;autumn;0.8108;32050036;1649498;0.0286595128404098;4500840295;247831469;0.0405466534463486;15.6990788362726;0.99260219563776
EHI01487;ADW06;SD0170802;SD01708;5733;Faecal;Sciurus vulgaris;Rodentia;Adult;Pineta;2021-10-18;Italy;Lombardy, Pineta;45.74;8.91;1;1;1;1;0.047;4.208;181;F;355;nonbreeding;Seminario;suburban;PINR;PIN;0.118;0.282;8.907712;45.735462;10;2021;autumn;0.7927;28548872;316670;0.0234916488647804;4207510286;46558917;0.029936196653316;18.2626213555058;0.936899575250323
EHI01524;ADW11;SD0041603;SD00416;5767;Faecal;Sciurus vulgaris;Rodentia;Adult;Pineta;2021-10-20;Italy;Lombardy, Pineta;45.78;8.91;1;1;1;1;1.362;4.414;67;M;350;nonbreeding;PIN;suburban;PINR;PIN;0.122;0.279;8.910721;45.778953;10;2021;autumn;0.8288;38879018;9101495;0.0253750320245587;4414124210;1362065227;0.0346775313690267;15.650110700091;0.969222381221733
EHI00380;ADW18;SD0175901;SD01759;4315;Faecal;Sciurus carolinensis;Rodentia;Adult;ILO;2021-10-12;Italy;Piedmont, ILO;45.02;7.67;1;1;1;1;0.438;2.708;470;F;560;nonbreeding;ILO;urban;ILO;TO;0.448;0.511;7.6723;45.024144;10;2021;autumn;0.6859;21576332;2970990;0.0728267562885967;2708129742;438072502;0.0986807396358887;19.2670645452771;0.769875414961637
EHI00376;ADW20;SD0042602;SD00426;5786;Faecal;Sciurus carolinensis;Rodentia;Adult;ILO;2021-10-12;Italy;Piedmont, ILO;45.02;7.67;1;1;1;1;0.094;3.947;485;M;635;nonbreeding;ILO;urban;ILO;TO;0.448;0.511;7.6723;45.024144;10;2021;autumn;0.7249;27391026;628440;0.135381933170652;3946710019;94250200;0.14962727508246;19.1511258726387;0.834838897857596
EHI02029;ADW28;SD0191501;SD01915;4318;Faecal;Sciurus carolinensis;Rodentia;Adult;ILO;2021-10-12;Italy;Piedmont, ILO;45.02;7.67;1;1;1;1;0.287;3.515;0;F;635;nonbreeding;ILO;urban;ILO;TO;0.448;0.511;7.6723;45.024144;10;2021;autumn;0.6928;26009330;1945683;0.159580486410251;3514596800;286774217;0.181128110289318;19.3785979790632;0.773949735252463
EHI00387;AEL05;SD0176401;SD01764;4310;Faecal;Sciurus carolinensis;Rodentia;Adult;ILO;2021-10-12;Italy;Piedmont, ILO;45.02;7.67;1;1;1;1;0.156;3.506;473;M;620;nonbreeding;ILO;urban;ILO;TO;0.448;0.511;7.6723;45.024144;10;2021;autumn;0.7453;24987816;1048800;0.0363199894730257;3506447270;155784030;0.0584160169003394;19.0537127577969;0.844865314510624
EHI00382;AEL08;SD0039802;SD00398;5712;Faecal;Sciurus carolinensis;Rodentia;Nursing;ILO;2021-10-12;Italy;Piedmont, ILO;45.02;7.67;1;1;1;1;2.814;9.66;511;F;640;lactating;ILO;urban;ILO;TO;0.448;0.511;7.6723;45.024144;10;2021;autumn;0.6842;85779402;19247920;0.0188617312162468;9660038506;2813760507;0.04883757767618;19.5684728797995;0.864189773391581
EHI00375;AEL09;SD0039402;SD00394;5704;Faecal;Sciurus carolinensis;Rodentia;Adult;ILO;2021-10-12;Italy;Piedmont, ILO;45.02;7.67;1;1;1;1;0.19;1.604;456;F;575;nonbreeding;ILO;urban;ILO;TO;0.448;0.511;7.6723;45.024144;10;2021;autumn;0.6926;12267744;1270384;0.103775704889127;1604389309;189567995;0.126278844077388;19.3772668088847;0.691381468939264
EHI01516;AEL11;SD0031103;SD00311;4910;Faecal;Sciurus vulgaris;Rodentia;Adult;Pineta;2021-10-20;Italy;Lombardy, Pineta;45.76;8.9;1;1;1;1;1.357;2.452;165;M;345;nonbreeding;PIN-CAPR;suburban;PINS;PIN;0.464;0.416;8.904471;45.757363;10;2021;autumn;0.6857;25945184;9238454;0.0261202128114;2452080014;1356854283;0.0468509499161207;17.7671118327338;0.877793591423322
EHI01522;AEL13;SD0043003;SD00430;5799;Faecal;Sciurus vulgaris;Rodentia;Adult;Pineta;2021-10-20;Italy;Lombardy, Pineta;45.78;8.91;1;1;1;1;3.167;3.953;67;M;295;nonbreeding;PIN;suburban;PINR;PIN;0.122;0.279;8.910721;45.778953;10;2021;autumn;0.9149;48056350;21305012;0.03246509371849;3952797002;3167358732;0.0443164866792913;15.5528494967224;0.954414418440309
EHI00371;AEL21;SD0177601;SD01776;4322;Faecal;Sciurus vulgaris;Rodentia;Adult;Varese;2021-10-25;Italy;Lombardy, Varese;45.83;8.83;1;1;1;1;0.098;3.546;295;F;360;nonbreeding;Ville Ponti;urban;VAU;VA;0.842;0.876;8.831966;45.825571;10;2021;autumn;0.8833;24747114;670726;0.0231887689369539;3546261854;97834132;0.0410750155360702;15.5736660964312;0.99169654684644
EHI00361;AEL24;SD0177701;SD01777;4303;Faecal;Sciurus vulgaris;Rodentia;Adult;Varese;2021-10-25;Italy;Lombardy, Varese;45.83;8.83;1;1;1;1;8.05;18.975;308;F;325;nonbreeding;Ville Ponti;urban;VAU;VA;0.842;0.876;8.831966;45.825571;10;2021;autumn;0.7739;184338680;54672696;0.0253745041410566;18974916774;8049504870;0.0474529330077058;17.4421377991582;0.796607658953976
EHI02035;AEL29;SD0177801;SD01778;4313;Faecal;Sciurus vulgaris;Rodentia;Adult;Varese;2021-10-25;Italy;Lombardy, Varese;45.83;8.83;1;1;1;1;2.177;3.557;0;F;340;nonbreeding;Ville Ponti;urban;VAU;VA;0.842;0.876;8.831966;45.825571;10;2021;autumn;0.6838;39407340;14878976;0.0266266337276556;3556949743;2177060762;0.0557878967906595;17.8770262288242;0.89009311615989
EHI02016;AEL37;SD0178301;SD01783;5842;Faecal;Sciurus vulgaris;Rodentia;Adult;Varese;2021-11-04;Italy;Lombardy, Varese;45.8;8.85;1;1;1;1;0.066;3.814;0;F;370;nonbreeding;ASL;urban;VAS;VA;0.59;0.651;8.848748;45.799523;11;2021;autumn;0.7368;26564724;464664;0.0489545910032639;3813602846;65677497;0.0741175501713141;16.6075649932046;0.951494327892836
EHI02017;AEL38;SD0177901;SD01779;5829;Faecal;Sciurus vulgaris;Rodentia;Adult;Varese;2021-10-26;Italy;Lombardy, Varese;45.83;8.83;1;1;1;1;1.019;3.084;0;F;335;nonbreeding;Ville Ponti;urban;VAU;VA;0.842;0.876;8.831966;45.825571;10;2021;autumn;0.6946;28085100;6987377;0.0292592021130103;3083593297;1019447649;0.0545427429056619;17.6571091367213;0.899865848093401
EHI00416;AEL40;SD0031002;SD00310;4907;Faecal;Sciurus carolinensis;Rodentia;Adult;Torino;2021-11-10;Italy;Piedmont, Torino;45.06;7.69;1;1;1;1;0.104;2.256;406;M;625;breeding;TO;urban;TO;TO;0.576;0.71;7.687153;45.056009;11;2021;autumn;0.7109;16011870;694658;0.013123128250042;2255895039;103518664;0.0305313852033421;19.2756182034663;0.755153445743327
EHI02025;AEL42;SD0031303;SD00313;4914;Faecal;Sciurus carolinensis;Rodentia;Adult;Torino;2021-11-10;Italy;Piedmont, Torino;45.06;7.69;1;1;1;1;1.311;3.211;0;M;620;breeding;TO;urban;TO;TO;0.576;0.71;7.687153;45.056009;11;2021;autumn;0.6133;31118038;8867031;0.0341430840874289;3210536253;1310904057;0.0644087965315853;19.4295781479324;0.710690703804697
EHI00392;AEL44;SD0031703;SD00317;4920;Faecal;Sciurus carolinensis;Rodentia;Adult;Torino;2021-11-10;Italy;Piedmont, Torino;45.06;7.69;1;1;1;1;0.729;1.785;395;F;685;nonbreeding;TO;urban;TO;TO;0.576;0.71;7.687153;45.056009;11;2021;autumn;0.6919;17226498;4890902;0.0157799743925077;1784557379;729386485;0.0424542878837482;19.1062657614094;0.735165246853105
EHI01498;AEL49;SD0169502;SD01695;5791;Faecal;Sciurus vulgaris;Rodentia;Adult;Varese;2021-10-25;Italy;Lombardy, Varese;45.84;8.81;1;1;1;1;0.127;4.967;116;F;355;nonbreeding;Villa Toeplitz;suburban;VAS;VA;0.504;0.424;8.81432;45.844356;10;2021;autumn;0.8859;34304424;859104;0.0267534520404816;4967002806;127318305;0.0364643278511155;14.9988960893537;0.995785072912108
EHI00399;AEL51;SD0029602;SD00296;4376;Faecal;Sciurus carolinensis;Rodentia;Adult;Torino;2021-11-10;Italy;Piedmont, Torino;45.06;7.69;1;1;1;1;0.967;3.416;406;M;580;nonbreeding;TO;urban;TO;TO;0.576;0.71;7.687153;45.056009;11;2021;autumn;0.6827;29929518;6518940;0.0151551407360374;3416429898;967409363;0.0383180555429418;18.624617711887;0.834959765141371
EHI00393;AEL61;SD0178601;SD01786;TO15;Faecal;Sciurus carolinensis;Rodentia;Adult;Torino;2021-11-10;Italy;Piedmont, Torino;45.06;7.69;1;1;1;1;0.376;2.263;403;F;620;nonbreeding;TO;urban;TO;TO;0.576;0.71;7.687153;45.056009;11;2021;autumn;0.6273;18425978;2635640;0.0205670533374327;2263096445;376028113;0.0647821452764549;18.965637556249;0.773350421691406
EHI00406;AEL64;SD0178701;SD01787;TO19;Faecal;Sciurus carolinensis;Rodentia;Adult;Torino;2021-11-11;Italy;Piedmont, Torino;45.06;7.69;1;1;1;1;0.159;3.093;408;F;570;nonbreeding;TO;urban;TO;TO;0.576;0.71;7.687153;45.056009;11;2021;autumn;0.681;22229450;1105954;0.0160110429044851;3092901233;159002522;0.0403609072776763;19.0811967984154;0.806183657439497
EHI00381;AEL73;SD0044604;SD00446;5954;Faecal;Sciurus vulgaris;Rodentia;Adult;Calusco;2021-11-16;Italy;Lombardy, Calusco;45.68;9.46;1;1;1;1;0.096;3.081;584;F;290;nonbreeding;C03-18;rural;CAL;CAL;0.047;0.227;9.460459;45.680513;11;2021;autumn;0.7039;21872528;706762;0.0223819603432415;3080717836;96191496;0.0533623202838123;18.8594525977275;0.859406542456119
EHI00411;AEL78;SD0179001;SD01790;5831;Faecal;Sciurus vulgaris;Rodentia;Adult;Calusco;2021-11-16;Italy;Lombardy, Calusco;45.68;9.46;1;1;1;1;0.005;3.374;585;M;350;breeding;C03-18;rural;CAL;CAL;0.047;0.227;9.460459;45.680513;11;2021;autumn;0.7244;23060214;39040;0.0115526392199756;3373733992;5253345;0.0344260999003818;18.7454009404225;0.864921869908692
EHI00405;AEL81;SD0179101;SD01791;5830;Faecal;Sciurus vulgaris;Rodentia;Adult;Calusco;2021-11-16;Italy;Lombardy, Calusco;45.68;9.46;1;1;1;1;0.367;3.72;581;M;300;breeding;C03-18;rural;CAL;CAL;0.047;0.227;9.460459;45.680513;11;2021;autumn;0.7097;27784262;2478080;0.0124642864048352;3720320594;366709076;0.0315650009231699;18.6229885845593;0.893151637269581
EHI00389;AEL82;SD0178901;SD01789;5826;Faecal;Sciurus vulgaris;Rodentia;Adult;Calusco;2021-11-16;Italy;Lombardy, Calusco;45.68;9.46;1;1;1;1;0.011;3.568;593;F;330;nonbreeding;C03-18;rural;CAL;CAL;0.047;0.227;9.460459;45.680513;11;2021;autumn;0.7512;24352902;87126;0.0174258430510509;3568247771;11150393;0.0372060152894259;18.755745861704;0.891645600507149
EHI01520;AEL88;SD0045303;SD00453;5971;Faecal;Sciurus vulgaris;Rodentia;Adult;Calusco;2021-11-17;Italy;Lombardy, Calusco;45.68;9.46;1;1;1;1;0.025;3.203;320;F;320;nonbreeding;C03-18;rural;CAL;CAL;0.047;0.227;9.460459;45.680513;11;2021;autumn;0.7309;21863612;174912;0.0296200165283534;3203396216;24675246;0.0448495177159035;19.0195976343335;0.842088035064284
EHI00394;AEL92;SD0046603;SD00466;5992;Faecal;Sciurus vulgaris;Rodentia;Adult;Calusco;2021-11-16;Italy;Lombardy, Calusco;45.68;9.46;1;1;1;1;0.069;3.433;576;F;280;nonbreeding;C03-18;rural;CAL;CAL;0.047;0.227;9.460459;45.680513;11;2021;autumn;0.6898;24140418;507636;0.0189854323078346;3432844170;68785224;0.0513421802463986;18.1028469329284;0.909102899004083
EHI01506;AEL96;SD0045603;SD00456;5976;Faecal;Sciurus vulgaris;Rodentia;Adult;Calusco;2021-11-17;Italy;Lombardy, Calusco;45.68;9.46;1;1;1;1;0.002;7.036;338;M;290;breeding;C03-18;rural;CAL;CAL;0.047;0.227;9.460459;45.680513;11;2021;autumn;0.6953;47370558;10447;0.0338687327586759;7035690113;1974994;0.0431034809644197;18.7834922979529;0.919215707787765
EHI01457;AEM04;SD0170903;SD01709;5745;Faecal;Sciurus vulgaris;Rodentia;Adult;Pineta;2021-12-10;Italy;Lombardy, Pineta;45.74;8.91;1;1;1;1;1.155;3.513;177;F;375;nonbreeding;Seminario;suburban;PINR;PIN;0.118;0.282;8.907712;45.735462;12;2021;winter;0.7296;31464560;7777570;0.0315748263181416;3512740959;1155426469;0.0421454376528398;18.2417468630866;0.912883757416958
EHI01486;AEM06;SD0172203;SD01722;5797;Faecal;Sciurus vulgaris;Rodentia;Adult;Varese;2021-12-16;Italy;Lombardy, Varese;45.82;8.81;1;1;1;1;0.609;3.507;137;F;335;nonbreeding;Palace;suburban;VAS;VA;0.37;0.561;8.808913;45.823564;12;2021;winter;0.7568;27666202;4050582;0.0242622099294438;3506858483;609211455;0.0322235086502607;16.9209022722314;0.962096314103111
EHI01528;AEM07;SD0170803;SD01708;5733;Faecal;Sciurus vulgaris;Rodentia;Adult;Pineta;2021-12-10;Italy;Lombardy, Pineta;45.74;8.91;1;1;1;1;4.113;3.199;162;F;370;nonbreeding;Seminario;suburban;PINR;PIN;0.118;0.282;8.907712;45.735462;12;2021;winter;0.6934;49492870;27465066;0.0300549510893052;3198798717;4112727931;0.0447406434898322;16.3987349907127;0.936816798809353
EHI02240;AEM09;SD0175302;SD01753;4312;Faecal;Sciurus vulgaris;Rodentia;Adult;Varese;2021-12-16;Italy;Lombardy, Varese;45.83;8.8;1;1;1;1;0.474;4.74;0;F;330;nonbreeding;Villa Baragiola;urban;VAU;VA;0.723;0.714;8.798065;45.832156;12;2021;winter;0.7774;35624558;3187898;0.0358463904130899;4739845789;474043036;0.0592651038442632;16.3782309761169;0.934397583523397
EHI02241;AEM11;SD0179501;SD01795;5839;Faecal;Sciurus vulgaris;Rodentia;Adult;Varese;2021-12-16;Italy;Lombardy, Varese;45.83;8.8;1;1;1;1;2.455;1.775;0;F;260;nonbreeding;Villa Baragiola;urban;VAU;VA;0.723;0.714;8.798065;45.832156;12;2021;winter;0.6797;29153534;16832792;0.0231617630305482;1774768550;2455258871;0.0551053997405421;18.1977485064624;0.872822963360856
EHI02300;AEM14;SD0175202;SD01752;4307;Faecal;Sciurus vulgaris;Rodentia;Adult;Varese;2021-12-17;Italy;Lombardy, Varese;45.83;8.8;1;1;1;1;1.345;2.926;0;F;360;nonbreeding;Villa Baragiola;urban;VAU;VA;0.723;0.714;8.798065;45.832156;12;2021;winter;0.4368;30325276;9412885;0.0464394988112754;2926442548;1345031658;0.104573341242232;18.7813827190537;0.762545899437318
EHI01999;AEM16;SD0169103;SD01691;5702;Faecal;Sciurus vulgaris;Rodentia;Adult;Varese;2021-12-21;Italy;Lombardy, Varese;45.83;8.8;1;1;1;1;0.898;3.675;0;M;345;breeding;Villa Baragiola;urban;VAU;VA;0.723;0.714;8.798065;45.832156;12;2021;winter;0.7856;31587782;6331513;0.0584930013607058;3674904988;897565494;0.0914181185888926;16.2472592795148;0.918082341748026
EHI02303;AEM20;SD0179402;SD01794;5848;Faecal;Sciurus vulgaris;Rodentia;Adult;Varese;2022-01-11;Italy;Lombardy, Varese;45.8;8.85;1;1;1;1;0.067;1.408;0;F;260;nonbreeding;ASL;urban;VAS;VA;0.59;0.651;8.848748;45.799523;1;2022;winter;0.8091;10024154;453830;0.115800327776886;1408142598;67274267;0.132386893746542;18.1915244902993;0.840099754889729
EHI02038;AEM23;SD0178302;SD01783;5842;Faecal;Sciurus vulgaris;Rodentia;Adult;Varese;2022-01-12;Italy;Lombardy, Varese;45.8;8.85;1;1;1;1;0.093;5.199;0;F;355;nonbreeding;ASL;urban;VAS;VA;0.59;0.651;8.848748;45.799523;1;2022;winter;0.6828;36355788;728019;0.0513980062960445;5199459650;93407657;0.0793168009761956;17.4815761075706;0.944567219777863
EHI01493;AEM26;SD0169503;SD01695;5791;Faecal;Sciurus vulgaris;Rodentia;Pregnant;Varese;2022-01-24;Italy;Lombardy, Varese;45.84;8.81;1;1;1;1;3.75;2.878;135;F;350;pregnant;Villa Toeplitz;suburban;VAS;VA;0.504;0.424;8.81432;45.844356;1;2022;winter;0.7482;44550318;24968268;0.0257889216524706;2877546651;3750090157;0.0337940720397016;17.3421755328054;0.925589602323784
EHI02242;AEM28;SD0177602;SD01776;4322;Faecal;Sciurus vulgaris;Rodentia;Pregnant;Varese;2022-01-24;Italy;Lombardy, Varese;45.83;8.83;1;1;1;1;4.964;1.603;0;F;360;pregnant;Ville Ponti;urban;VAU;VA;0.842;0.876;8.831966;45.825571;1;2022;winter;0.6835;44832788;33598270;0.0310881420257354;1602787025;4963944856;0.0538792891728337;17.3832066767294;0.907811536075542
EHI02021;AEM30;SD0177802;SD01778;4313;Faecal;Sciurus vulgaris;Rodentia;Adult;Varese;2022-01-24;Italy;Lombardy, Varese;45.83;8.83;1;1;1;1;1.494;2.71;0;F;350;nonbreeding;Ville Ponti;urban;VAU;VA;0.842;0.876;8.831966;45.825571;1;2022;winter;0.8373;28725326;10171966;0.0364042186935393;2710355472;1493743523;0.0598187221555568;15.8511365010395;0.957535599705155
EHI01998;AEM33;SD0177902;SD01779;5829;Faecal;Sciurus vulgaris;Rodentia;Adult;Varese;2022-01-25;Italy;Lombardy, Varese;45.83;8.83;1;1;1;1;0.037;3.638;0;F;310;nonbreeding;Ville Ponti;urban;VAU;VA;0.842;0.876;8.831966;45.825571;1;2022;winter;0.7026;25145474;254125;0.0318583257151446;3638135289;37134186;0.0566409570765375;17.6689883154842;0.911934070608864
EHI02256;AEM35;SD0177702;SD01777;4303;Faecal;Sciurus vulgaris;Rodentia;Pregnant;Varese;2022-01-26;Italy;Lombardy, Varese;45.83;8.83;1;1;1;1;0.671;6.087;0;F;325;pregnant;Ville Ponti;urban;VAU;VA;0.842;0.876;8.831966;45.825571;1;2022;winter;0.7037;46308108;4549093;0.0252943400901514;6086803381;670777426;0.0517640006826937;17.5014879228406;0.956002668540773
EHI02304;AEM43;SD0176502;SD01765;4311;Faecal;Sciurus vulgaris;Rodentia;Adult;Gallarate;2022-01-17;Italy;Lombardy, Gallarate;45.66;8.78;1;1;1;1;0.375;4.355;0;M;350;breeding;Aloisianum;urban;GAL;GAL;0.81;0.832;8.779362;45.656676;1;2022;winter;0.6742;32810758;2670424;0.05788787763725;4354844929;375320398;0.0945355797943546;18.7391269487634;0.881679390646633
EHI02301;AEM45;SD0176803;SD01768;4308;Faecal;Sciurus vulgaris;Rodentia;Pregnant;Gallarate;2022-01-17;Italy;Lombardy, Gallarate;45.66;8.78;1;1;1;1;7.169;2.168;0;F;320;pregnant;Aloisianum;urban;GAL;GAL;0.81;0.832;8.779362;45.656676;1;2022;winter;0.661;63470160;48241456;0.0408505945789502;2167564097;7168721103;0.0594118140533707;18.2008513372035;0.846397559554126
EHI02014;AEM52;SD0039602;SD00396;5709;Faecal;Sciurus carolinensis;Rodentia;Adult;ILO;2022-02-08;Italy;Piedmont, ILO;45.02;7.67;1;1;1;1;0.053;4.392;0;F;660;nonbreeding;ILO;urban;ILO;TO;0.448;0.511;7.6723;45.024144;2;2022;winter;0.6927;30419484;367908;0.0534139971886977;4392267285;53262250;0.0777673868683993;19.5463376856558;0.78044575050549
EHI01454;AEU09;SD0170303;SD01703;5777;Faecal;Sciurus vulgaris;Rodentia;Adult;Golasecca;2022-02-07;Italy;Lombardy, Golasecca;45.69;8.66;1;1;1;1;0.459;3.38;326;M;340;breeding;GS;rural;GS;GS;0.0635;0.0985;8.65614;45.687981;2;2022;winter;0.7196;25954582;3123197;0.0320732567696108;3379557396;458621857;0.0457493929740451;18.1482384018684;0.929226030595495
EHI02305;AEU13;SD0180401;SD01804;2932;Faecal;Sciurus vulgaris;Rodentia;Adult;Varese;2022-02-16;Italy;Lombardy, Varese;45.84;8.81;1;1;1;1;2.275;1.47;0;F;295;pregnant;Villa Toeplitz;suburban;VAS;VA;0.504;0.424;8.81432;45.844356;2;2022;winter;0.6586;25757684;15544101;0.0363272205694396;1469867899;2274666917;0.0660375951478603;18.7333241930474;0.772751064493395
EHI02018;AEU26;SD0191502;SD01915;4318;Faecal;Sciurus carolinensis;Rodentia;Adult;ILO;2022-02-09;Italy;Piedmont, ILO;45.02;7.67;1;1;1;1;0.033;4.358;0;F;680;nonbreeding;ILO;urban;ILO;TO;0.448;0.511;7.6723;45.024144;2;2022;winter;0.6333;30226424;225167;0.0480127915856925;4358197358;32599976;0.0780731242068984;19.5399862536672;0.76761727619733
EHI02031;AEU32;SD0031203;SD00312;4912;Faecal;Sciurus vulgaris;Rodentia;Adult;Gallarate;2022-01-18;Italy;Lombardy, Gallarate;45.66;8.78;1;1;1;1;0.079;4.615;0;M;335;breeding;Aloisianum;urban;GAL;GAL;0.81;0.832;8.779362;45.656676;1;2022;winter;0.6278;33145694;616641;0.0341149461033146;4615215345;78578875;0.0881338044162135;17.7900096411832;0.890767738801026
EHI02302;AEU35;SD0180901;SD01809;5850;Faecal;Sciurus vulgaris;Rodentia;Pregnant;Varese;2022-03-04;Italy;Lombardy, Varese;45.83;8.83;1;1;1;1;3.354;1.222;0;F;375;pregnant;Ville Ponti;urban;VAU;VA;0.842;0.876;8.831966;45.825571;3;2022;spring-summer;0.5352;31956200;23363012;0.0256820624970616;1221769093;3353742938;0.069976312355912;18.6459986751943;0.740893401514518
EHI02306;AEU44;SD0176902;SD01769;4241;Faecal;Sciurus vulgaris;Rodentia;Adult;Gallarate;2022-02-24;Italy;Lombardy, Gallarate;45.66;8.78;1;1;1;1;0.138;2.63;0;F;335;breeding;Ponti;urban;GAL;GAL;0.8;0.779;8.787173;45.672497;2;2022;winter;0.7454;19259984;1040567;0.0437745101251753;2629714699;137920460;0.0839441037578005;17.7656323998483;0.889141169616028
